<?xml version="1.0" encoding="UTF-8" standalone="yes"?>
<addon id="repository.blood" name="[COLOR limegreen][B]blood[/B][/COLOR]Wizard Repository" version="2.0" provider-name="blood">
    <extension point="xbmc.addon.repository" name="[COLOR limegreen][B]blood[/B][/COLOR]Wizard Repository">
        <dir minversion="18.0" maxversion="18.9.0">
            <info compressed="false">https://petra1990.000webhostapp,.com//leia/zips/addons.xml</info>
            <checksum>https://petra1990.000webhostapp.com//leia/zips/addons.xml.md5</checksum>
            <datadir zip="true">https://petra1990.000webhostapp.com//leia/zips/</datadir>
        </dir>
        <dir minversion="18.9.9">
            <info compressed="false">https://petra1990.000webhostapp.com//matrix/zips/addons.xml</info>
            <checksum>https://petra1990.000webhostapp.com//matrix/zips/addons.xml.md5</checksum>
            <datadir zip="true">https://petra1990.000webhostapp.com//matrix/zips/</datadir>
        </dir>
    </extension>
    
    <extension point="xbmc.addon.metadata">
        <summary>[COLOR limegreen][B]blood[/B][/COLOR]Wizard</summary>
        <description>The official home of [COLOR limegreen][B]blood[/B][/COLOR]Wizard.</description>
        <disclaimer></disclaimer>
        <platform>all</platform>
        <assets>
            <icon>icon.png</icon>
            <fanart>fanart.jpg</fanart>
        </assets>
        <source>https://petra1990.000webhostapp.com//zips/repository.blood/</source>
    </extension>
</addon>